BookName,URL
받침 없는 한글 동화 : 무시무시 마녀가 이사 와!,http://www.hanbit.co.kr/store/books/look.php?p_code=B8661740335
"받침 없는 한글 동화 : 도, 도, 도깨비다!",http://www.hanbit.co.kr/store/books/look.php?p_code=B6084607806
받침 없는 한글 동화 : 바쁘다 바빠 너구리 바빠,http://www.hanbit.co.kr/store/books/look.php?p_code=B1382037871
받침 없는 한글 동화 : 도깨비 파자마 파티,http://www.hanbit.co.kr/store/books/look.php?p_code=B8948111854
받침 없는 한글 동화 : 4권 세트,http://www.hanbit.co.kr/store/books/look.php?p_code=B3178834938
회사에서 바로 통하는 최강 실무 엑셀,http://www.hanbit.co.kr/store/books/look.php?p_code=B3280146600
오늘도 시작하지 못하는 당신을 위해,http://www.hanbit.co.kr/store/books/look.php?p_code=B4162156367
리얼 몽골 [2022~2023 최신판],http://www.hanbit.co.kr/store/books/look.php?p_code=B2847674054
"IT CookBook, 기초부터 시작하는 PLC : OMRON NX",http://www.hanbit.co.kr/store/books/look.php?p_code=B2923812848
"IT CookBook, 원리로 이해하는 전력전자공학(2판)",http://www.hanbit.co.kr/store/books/look.php?p_code=B5156679966
트러스트,http://www.hanbit.co.kr/store/books/look.php?p_code=B6189263297
리얼 싱가포르 [2022~2023 최신판],http://www.hanbit.co.kr/store/books/look.php?p_code=B8806843023
구글 앱스 스크립트 완벽 가이드,http://www.hanbit.co.kr/store/books/look.php?p_code=B4813114979
원소 이야기,http://www.hanbit.co.kr/store/books/look.php?p_code=B2859439220
핸즈온 데이터 시각화,http://www.hanbit.co.kr/store/books/look.php?p_code=B1996635146
생각하는 힘이 붙는 첫 숨은그림찾기,http://www.hanbit.co.kr/store/books/look.php?p_code=B4354575770
"IT CookBook, TCP/IP 소켓 프로그래밍(2판)",http://www.hanbit.co.kr/store/books/look.php?p_code=B9063949643
파이썬을 활용한 베이지안 통계(2판),http://www.hanbit.co.kr/store/books/look.php?p_code=B7798657798
인피니티,http://www.hanbit.co.kr/store/books/look.php?p_code=B5171715268
"IT CookBook, 쉽게 배우는 데이터 통신과 컴퓨터 네트워크(3판)",http://www.hanbit.co.kr/store/books/look.php?p_code=B7400451696
"IT CookBook, 우분투 리눅스(3판)",http://www.hanbit.co.kr/store/books/look.php?p_code=B6129400746
실용적 접근 방식의 경영학원론(10판),http://www.hanbit.co.kr/store/books/look.php?p_code=B1959656080
거시경제학(3판),http://www.hanbit.co.kr/store/books/look.php?p_code=B7738896383
비즈니스 데이터 과학,http://www.hanbit.co.kr/store/books/look.php?p_code=B6001875802
혼자 해도 프로 작가처럼 잘 그리는 아이패드 드로잉 with 프로크리에이트,http://www.hanbit.co.kr/store/books/look.php?p_code=B6361762764
"IT CookBook, C로 시작하는 컴퓨터 프로그래밍(4판)",http://www.hanbit.co.kr/store/books/look.php?p_code=B4947312430
"IT CookBook, 인터넷 해킹과 보안(4판)",http://www.hanbit.co.kr/store/books/look.php?p_code=B1393628384
리얼 뉴질랜드 [2022~2023 최신판],http://www.hanbit.co.kr/store/books/look.php?p_code=B7718726335
"IT CookBook, 파이썬 데이터 분석 for Beginner",http://www.hanbit.co.kr/store/books/look.php?p_code=B9597680767
"IT CookBook, 엑셀 2019",http://www.hanbit.co.kr/store/books/look.php?p_code=B7792763682
쉽게 따라하는 NFT 마스터 가이드,http://www.hanbit.co.kr/store/books/look.php?p_code=B8676970090
오늘부터 팀장입니다,http://www.hanbit.co.kr/store/books/look.php?p_code=B2119731751
"IT CookBook, 소프트웨어 공학 이론과 실제",http://www.hanbit.co.kr/store/books/look.php?p_code=B5067324775
회사에서 바로 통하는 파워포인트 FOR STARTERS(개정판),http://www.hanbit.co.kr/store/books/look.php?p_code=B9071173699
회사에서 바로 통하는 엑셀 FOR STARTERS(개정판),http://www.hanbit.co.kr/store/books/look.php?p_code=B3501358503
초등 공부 습관 바이블: 똑같이 하는데 탁월한 결과를 내는 아이는 무엇이 다를까?,http://www.hanbit.co.kr/store/books/look.php?p_code=B2835837863
이그노벨상 읽어드립니다,http://www.hanbit.co.kr/store/books/look.php?p_code=B9503831552
공학도라면 반드시 알아야 할 최소한의 수학(8판),http://www.hanbit.co.kr/store/books/look.php?p_code=B2247981475
기업의 성공을 이끄는 Developer Relations,http://www.hanbit.co.kr/store/books/look.php?p_code=B9102351881
사례 분석으로 배우는 데이터 시각화,http://www.hanbit.co.kr/store/books/look.php?p_code=B5825921855
클라우드 네이티브 애플리케이션 디자인 패턴,http://www.hanbit.co.kr/store/books/look.php?p_code=B3886303135
변화하는 세계 질서,http://www.hanbit.co.kr/store/books/look.php?p_code=B7422209817
혼자 공부하는파이썬(개정판),http://www.hanbit.co.kr/store/books/look.php?p_code=B1681646737
아이주도이유식 레시피북(개정판),http://www.hanbit.co.kr/store/books/look.php?p_code=B1355665429
소문난 명강의 : 소플의 처음 만난 리액트,http://www.hanbit.co.kr/store/books/look.php?p_code=B9365371874
적정 소프트웨어 아키텍처,http://www.hanbit.co.kr/store/books/look.php?p_code=B6059097161
리얼 호주 [2022~2023 최신판],http://www.hanbit.co.kr/store/books/look.php?p_code=B6562895528
"회사에서 바로 통하는 실무 엑셀+파워포인트+워드&한글(모든 버전 사용 가능, 개정판)",http://www.hanbit.co.kr/store/books/look.php?p_code=B5594567896
혼자 공부하는 얄팍한 코딩 지식,http://www.hanbit.co.kr/store/books/look.php?p_code=B2317469552
똑똑한 코드 작성을 위한 실전 알고리즘,http://www.hanbit.co.kr/store/books/look.php?p_code=B3563253053
